-- phpMyAdmin SQL Dump
-- version 4.2.11
-- http://www.phpmyadmin.net
--
-- Servidor: 127.0.0.1
-- Tiempo de generación: 10-03-2015 a las 20:58:15
-- Versión del servidor: 5.6.21
-- Versión de PHP: 5.6.3

SET SQL_MODE = "NO_AUTO_VALUE_ON_ZERO";
SET time_zone = "+00:00";


/*!40101 SET @OLD_CHARACTER_SET_CLIENT=@@CHARACTER_SET_CLIENT */;
/*!40101 SET @OLD_CHARACTER_SET_RESULTS=@@CHARACTER_SET_RESULTS */;
/*!40101 SET @OLD_COLLATION_CONNECTION=@@COLLATION_CONNECTION */;
/*!40101 SET NAMES utf8 */;

--
-- Base de datos: `sitesigo`
--

-- --------------------------------------------------------

--
-- Estructura de tabla para la tabla `tbeje`
--

CREATE TABLE IF NOT EXISTS `tbeje` (
`idtbeje` int(11) NOT NULL,
  `nomeje` varchar(100) NOT NULL,
  `objeje` text NOT NULL,
  `codeje` int(11) NOT NULL
) ENGINE=InnoDB AUTO_INCREMENT=6 DEFAULT CHARSET=utf8mb4;

--
-- Volcado de datos para la tabla `tbeje`
--

INSERT INTO `tbeje` (`idtbeje`, `nomeje`, `objeje`, `codeje`) VALUES
(1, 'DESARROLLO SOCIAL', 'EL PRINCIPAL OBJETIVO DE ESTE EJE ES LA ERRADICACION DE LA POBREZA EXTREMA, ASÍ COMO LA DISMINUCIÓN DE LOS INDICADORES DE POBREZA E INEQUIDAD DE OTROS GRUPOS SOCIALES, EN ESPECIAL DE AQUELLOS GRUPOS DE POBLACIÓN RAIZAL, QUE POR RAZÓN DEL CAMBIO DE MODELO ECONÓMICO, NO PUDIENDO CONTINUAR CON SUS ACTIVIDADES RELACIONADAS CON LA ACTIVIDAD AGROPECUARIA, SE VIERON ABOCADOS A SUBDIVISIÓN DE SUS PREDIOS A SUS HIJOS, O A OTROS GRUPOS DE POBLACIÓN. SE PRETENDE ESTIMULAR A LA POBLACIÓN A QUE DE MANERA CORRESPONSABLE PARTICIPE EN EL PROCESO DE SUPERACIÓN DE LAS LÍNEAS DE POBREZA QUE SE HAN GENERADO EN COMPAÑÍA DEL ESTADO.', 1),
(2, 'SEGURIDAD Y CONVIVENCIA CIUADADANA', 'LA APLICACIÓN DE PROGRAMAS DE SEGURIDAD Y PROGRAMAS CONVIVENCIA CIUDADANA TIENEN COMO OBJETIVO MEJORAR LAS CONDICIONES DE CALIDAD Y CONVIVENCIA ENTRE LA POBLACIÓN. DE ESTA MANERA, HAY NECESIDAD DE REDUCIR LA INSEGURIDAD EN CIERTAS ZONAS DE LA CIUDAD COMO DE LAS VEREDAS. EN ESTE SENTIDO, HAY QUE TRABAJAR EN DOS FRENTES: EN EL MEJORAMIENTO DE LAS CONDICIONES SOCIALES Y ECONÓMICAS DE LA POBLACIÓN QUE SE ENCUENTRA EN EL LÍMITE DE ACCIONAR CONDUCTAS DELINCUENCIALES POR FALTA DE OPORTUNIDADES, LA CUAL SERÁ PRIORITARIA, Y, AL MISMO TIEMPO INCREMENTAR LAS CONDICIONES DE CONTROL Y VIGILANCIA CON ÁNIMO PREVENTIVO NO ESPERANDO A QUE SE PRODUZCAN LOS HECHOS DE INSEGURIDAD PARA LA ACTUACIÓN POLICIAL.\r\n POR LO QUE ES NECESARIO INCLUIR LA PRESENCIA DE TECNOLOGÍAS E INNOVACIONES QUE PERMITAN REALIZAR “INTELIGENCIA”, ASÍ COMO UN MEJOR MONITOREO DE LO QUE SUCEDE EN LOS SITIOS MÁS DELICADOS DEL MUNICIPIO EN ESTA PROBLEMÁTICA.', 2),
(3, 'GOBERNABILIDAD Y PARTICIPACIÓN, GESTION ADMINISTRATIVA Y FISCAL', 'TIENE COMO OBJETIVO ACERCAR EL GOBIERNO MUNICIPAL A LA COMUNIDAD, NO SOLO EN LO QUE SE REFIERE A LA PARTICIPACION CIUDADANA, SINO EN QUE CADA FUNCIONARIO, CADA OFICINA Y CADA TRAMITE QUE DEBA REALIZARSE EN LA ALCALDÍA CADA DÍA QUE PASE DE ESTA ADMINISTRACIÓN IMPLIQUE UTILIZARSE MENOS TIEMPO EN SU ATENCIÓN, HASTA QUE PRÁCTICAMENTE SEA POSIBLE SU DESARROLLO POR INTERMEDIO DE LA CONECTIVIDAD QUE SE IMPLEMENTARA DURANTE LOS PRÓXIMOS AÑOS, PARA QUE DESDE SUS CASAS Y A LA HORA QUE PUEDA CONECTARSE LA POBLACIÓN PARA SU TRÁMITE PUEDA HACERLO.\r\n ESTO SIGNIFICA, LA MODERNIZACION DE LA ADMINISTRACION PUBLICA, QUE IMPLICARA LA POSIBILIDAD DE REALIZAR SEGUIMIENTO EN LÍNEA DE LAS ACTIVIDADES EMPRENDIDAS PARA CADA UNO DE LOS ACTOS DE GOBIERNO DESDE CADA DEPENDENCIA, COMO POR LA COMUNIDAD.', 3),
(4, 'AMBIENTE, REORDENAMIENTO TERRITORIAL, EQUIPAMIENTO Y MOVILIDAD', 'TIENE COMO OBJETIVO DETERMINAR EL FUTURO DE CHÍA COMO CIUDAD Y TERRITORIO, EN TODAS SUS DIMENSIONES ECONÓMICA, SOCIAL Y AMBIENTAL. DE TAL MANERA, LA RESPONSABILIDAD DE ESTE PLAN SERÁ DETERMINAR EL TAMAÑO MÁXIMO DE CRECIMIENTO URBANÍSTICO Y POBLACIONAL, ASÍ COMO SUS ÁREAS DE EXPANSIÓN COMERCIAL E INDUSTRIAL.\r\n TENDRÁ UNA ESPECIAL CONDICIÓN EN CONSOLIDAR EL CAMBIO DE MODELO ECONÓMICO Y PREVER LOS POSIBLES CONFLICTOS QUE PUEDAN DESARROLLARSE EN LA TRANSICIÓN A LA CIUDAD QUE SE CONSTRUIRÁ EN LOS PRÓXIMOS12 AÑOS, DEJANDO LAS BASES Y GARANTÍAS DE UN REORDENAMIENTO EQUILIBRADO ENTRE LA PROTECCIÓN Y CONSERVACIÓN DEL MEDIO AMBIENTE Y LOS RECURSOS NATURALES, CON EL DESARROLLO URBANÍSTICOS.', 4),
(5, 'DESARROLLO ECONOMICO', 'TIENE COMO OBJETIVO CONSOLIDAR EL CAMBIO DE MODELO ECONÓMICO QUE EN LOS ÚLTIMOS AÑOS SE HA PROVOCADO EN EL TERRITORIO DE CHÍA.\r\n ESTE MODELO PLANTEA LA DESAPARICIÓN DE LA ACTIVIDAD ECONÓMICA RELACIONADA CON LA EXPLOTACIÓN AGROPECUARIA, POR UN CONJUNTO DE ACTIVIDADES NUEVAS QUE SE HAN VENIDO CONSOLIDANDO RELACIONADAS CON LA ACTIVIDAD DE LA CONSTRUCCIÓN, EL TURISMO GASTRONÓMICO, LA PRESTACIÓN DE SERVICIOS EDUCATIVOS, DE SALUD, COMERCIALES Y DE TRANSPORTE, Y, LA LOCALIZACIÓN RECIENTEMENTE DE EMPRESAS MANUFACTURERAS Y NO MANUFACTURERAS.\r\n ESTE CAMBIO, QUE RADICALMENTE HA TRANSFORMADO LAS CARACTERÍSTICAS DE LAS ACTIVIDADES DE LOS HABITANTES, HOY SE REFLEJA COMO LA POSIBILIDAD PARA TRANSFORMAR LA CONCEPCIÓN DE “CIUDAD DORMITORIO”, POR LA DE UNA CIUDAD AUTOSUFICIENTE, DONDE PAULATINAMENTE HA VENIDO TRANSFORMANDO LA BASE TRIBUTARIA, EL EMPLEO, LOS INGRESOS DE LA POBLACIÓN, ETC., QUE ES NECESARIO CONSOLIDARLO.', 5);

-- --------------------------------------------------------

--
-- Estructura de tabla para la tabla `tbperfil`
--

CREATE TABLE IF NOT EXISTS `tbperfil` (
`idperfil` int(11) NOT NULL,
  `nomper` varchar(50) NOT NULL
) ENGINE=InnoDB AUTO_INCREMENT=3 DEFAULT CHARSET=utf8mb4 COMMENT='Perfiles para los usuarios del sistema';

--
-- Volcado de datos para la tabla `tbperfil`
--

INSERT INTO `tbperfil` (`idperfil`, `nomper`) VALUES
(1, 'Administrador'),
(2, 'Visitante');

-- --------------------------------------------------------

--
-- Estructura de tabla para la tabla `tbprograma`
--

CREATE TABLE IF NOT EXISTS `tbprograma` (
`idtbprograma` int(11) NOT NULL,
  `nomprog` varchar(100) NOT NULL,
  `objprog` text NOT NULL,
  `codprog` int(11) NOT NULL,
  `sector` int(11) NOT NULL
) ENGINE=InnoDB AUTO_INCREMENT=43 DEFAULT CHARSET=utf8mb4;

--
-- Volcado de datos para la tabla `tbprograma`
--

INSERT INTO `tbprograma` (`idtbprograma`, `nomprog`, `objprog`, `codprog`, `sector`) VALUES
(1, 'ASEGURAMIENTO', 'GARANTIZAR AL 2.015 LA AFILIACIÓN AL SGSSS DE LA POBLACIÓN DEL MUNICIPIO DE CHÍA', 1, 1),
(2, 'PRESTACION Y DESARROLLO DE LOS SERVICIOS DE SALUD', 'IMPLEMENTAR EL OBSERVATORIO EN SALUD, A TRAVÉS DEL CUAL SE IDENTIFIQUEN Y ATIENDAN LAS PROBLEMÁTICAS Y/O NECESIDADES EN SALUD DE LA COMUNIDAD DEL MUNICIPIO DE CHÍA', 2, 1),
(3, 'SALUD PÚBLICA', 'GARANTIZAR EL CUMPLIMIENTO DE ACCIONES DE PROMOCIÓN Y PREVENCIÓN EN SALUD, MEDIANTE EL DESARROLLO DEL PLAN DE INTERVENCIONES COLECTIVAS – PIC Y LA VIGILANCIA EPIDEMIOLÓGICA EN SALUD', 3, 1),
(4, 'PROMOCION SOCIAL', 'GENERAR DURANTE EL CUATRIENIO, ATENCIÓN INTEGRAL EN SALUD A POBLACIONES VÍCTIMAS DEL CONFLICTO ARMADO, INDÍGENAS, ADULTO MAYOR, EN CONDICIÓN DE DISCAPACIDAD, GESTANTES, INFANTES, ADOLESCENTES, JÓVENES, Y EN GENERAL DE LAS CONDICIONES DE VULNERABILIDAD DEL MUNICIPIO DE CHÍA', 4, 1),
(5, 'PREVENCION, VIGILANCIA Y CONTROL DE RIESGOS PROFESIONALES', 'PROYECTAR ANUALMENTE ACCIONES TENDIENTES A LA VIGILANCIA DE ENTORNOS LABORALES SALUDABLES CON PROYECCIÓN A LA INCLUSIÓN DE LA POBLACIÓN EN CONDICIONES DE DISCAPACIDAD AL SECTOR LABORAL', 5, 1),
(6, 'ATENCION A EMERGENCIAS Y DESASTRES', 'ARTICULAR ACCIONES INTERINSTITUCIONALES E INTERSECTORIALES PARA EL DESARROLLO DE PLANES DE PREVENCIÓN, MITIGACIÓN, ASÍ COMO LA ATENCIÓN EN EMERGENCIAS Y DESASTRES', 6, 1),
(7, 'FORTALECIMIENTO INSTITUCIONAL', 'FORTALECER LA GESTIÓN OPERATIVA Y FUNCIONAL DE LA SECRETARIA DE SALUD', 7, 1),
(8, 'ACCESO Y PERMANENCIA', 'PLANEAR Y DESARROLLAR ESTRATEGIAS DE OFERTA Y DEMANDA QUE ESTIMULEN EL ACCESO Y LA PERMANENCIA DE LA POBLACIÓN AL SISTEMA EDUCATIVO DEL MUNICIPIO DE CHÍA.', 8, 2),
(9, 'EDUCACION CON CALIDAD Y PERTINENCIA', 'ASESORAR Y ACOMPAÑAR A LOS AGENTES EDUCATIVOS Y PRESTADORES DEL SERVICIO EN TODOS LOS NIVELES, A TRAVÉS DEL DESARROLLO DE ALIANZAS, DEL FORTALECIMIENTO INSTITUCIONAL, DE LA CAPACITACIÓN DOCENTE Y DEL APOYO PERMANENTE A LA GESTIÓN, PARA EL MEJORAMIENTO DE LA CALIDAD EDUCATIVA.', 9, 2),
(10, 'EDUCACION SUPERIOR', 'AUMENTAR LAS OPORTUNIDADES DE PROGRESO DE LAS PERSONAS DEL MUNICIPIO DE CHÍA, CON PUNTAJES INFERIORES A 50 PUNTOS EN LA BASE DE DATOS DEL SISBÉN', 10, 2),
(11, 'INFRAESTRUCTURA EDUCATIVA', 'AUMENTAR LA COBERTURA DE LOS ESTUDIANTES MATRICULADOS EN EL SISTEMA EDUCATIVO OFICIAL DEL MUNICIPIO MEDIANTE EL MEJORAMIENTO DE LA INFRAESTRUCTURA EDUCATIVA', 11, 2),
(12, 'ATENCION INCLUYENTE', 'MEJORAR LA OFERTA Y LA CALIDAD DE LOS SERVICIOS SOCIALES, BUSCANDO MAYOR ACCESO POR PARTE DE LA COMUNIDAD', 12, 3),
(13, 'ATENCION A LA POBREZA EXTREMA - ZOLIP', 'PROMOVER LA REDUCCIÓN DE LA DESIGUALDAD Y LA POBREZA EN EL MUNICIPIO DE CHÍA', 13, 3),
(14, 'VIVIENDA SOCIAL', 'MEJORAR LAS CONDICIONES DE VIVIENDA Y ENTORNO PARA ELEVAR LOS ESTÁNDARES DE CALIDAD DE VIDA Y BIENESTAR', 14, 4),
(15, 'CULTURA PARA TODOS', 'AUMENTAR EL ACCESO DE LA POBLACIÓN A LA CULTURA MUNICIPAL CON CALIDAD, A TRAVÉS DE LA RECUPERACIÓN, DIFUSIÓN, APRENDIZAJE Y EXPLOTACIÓN TURÍSTICA DE LOS PATRIMONIOS TANGIBLES E INTANGIBLES MUNICIPALES', 15, 5),
(16, 'FOMENTO Y PRACTICA DEPORTIVA', 'DESARROLLAR PROGRAMAS DE FORMACIÓN DEPORTIVA QUE FOMENTEN LA PARTICIPACIÓN DE LA COMUNIDAD', 16, 6),
(17, 'RECREACION Y ACTIVIDAD FISICA', 'DESARROLLAR Y PROMOVER LA REALIZACIÓN DE PROGRAMAS QUE PERMITAN LA PARTICIPACIÓN EN EVENTOS DE CARÁCTER RECREATIVO', 17, 6),
(18, 'POBLACIONES PRIORITARIAS', 'GARANTIZAR LOS DERECHOS DE LA POBLACIÓN VULNERABLE', 18, 7),
(19, 'SEGURIDAD', 'REDUCIR LOS ÍNDICES DE DELINCUENCIA EN EL MUNICIPIO', 19, 7),
(20, 'CONVIVENCIA', 'FORTALECER LA PARTICIPACIÓN DE LA COMUNIDAD EN LA GESTIÓN MUNICIPAL', 20, 7),
(21, 'GESTION DEL RIESGO', 'REDUCIR EL RIESGO DE LA POBLACIÓN ANTE UNA EMERGENCIA Y DESASTRE', 21, 7),
(22, 'ATENCION INTEGRAL A POBLACION VICTIMA DEL CONFLICTO', 'GARANTIZAR EL GOCE EFECTIVO DE LOS DERECHOS DE LA POBLACIÓN VÍCTIMA DEL CONFLICTO', 22, 7),
(23, 'EFICIENCIA TRIBUTARIA', 'ASEGURAR LA SOSTENIBILIDAD FISCAL Y EL MEJORAMIENTO DEL RECAUDO DE LA ADMINISTRACIÓN, A TRAVÉS DE LA GESTIÓN FISCAL EFICIENTE, DILIGENTE, RESPONSABLE Y TRANSPARENTE DE LOS RECURSOS DEL MUNICIPIO DE CHÍA', 23, 8),
(24, 'MODERNIZACION INSTITUCIONAL', 'ACERCAR LA ADMINISTRACIÓN MUNICIPAL A LA COMUNIDAD POR MEDIO DE RECURSOS HUMANOS Y TECNOLÓGICOS', 24, 9),
(25, 'FORTALECIMIENTO ADMINISTRATIVO', 'ACERCAR LA ADMINISTRACIÓN MUNICIPAL A LA COMUNIDAD POR MEDIO DE RECURSOS HUMANOS Y TECNOLÓGICOS', 25, 9),
(26, 'GOBERNABILIDAD Y PARTICIPACION', 'DESARROLLAR E IMPLEMENTAR, LA METODOLOGÍA DEL PRESUPUESTO PARTICIPATIVO, PARA HACER QUE LAS COMUNIDADES LOCALES PARTICIPEN DE MANERA ACTIVA Y DECISIVA EN LA ELABORACIÓN, CONTROL Y SEGUIMIENTO DE LOS PRESUPUESTOS', 26, 10),
(27, 'MOVILIDAD INTEGRAL', 'MEJORAR LA MOVILIDAD DEL MUNICIPIO DE CHÍA, LOGRANDO UNA CIUDAD MAS COMPETITIVA, PROMOVIENDO EL AUMENTO DEL BIENESTAR DE LOS HABITANTES Y VISITANTES', 27, 11),
(28, 'ESPACIO PUBLICO', 'MANTENER EL ESPACIO PÚBLICO DEL MUNICIPIO DE CHÍA EN BUENAS CONDICIONES', 28, 12),
(29, 'INFRAESTRUCTURA PUBLICA', 'MEJORAR LA ATENCIÓN DE LA COMUNIDAD, A TRAVÉS DE LA AMPLIACIÓN Y MANTENIMIENTO DE LA INFRAESTRUCTURA PÚBLICA', 29, 12),
(30, 'VIAS LOCALES', 'REALIZAR LA RECUPERACIÓN Y EL MANTENIMIENTO DE LA MALLA VIAL DEL MUNICIPIO DE CHÍA, CON EL FIN DE QUE SE MEJORE LA MOVILIDAD Y SE DISMINUYAN LOS RIESGOS DE ACCIDENTALIDAD', 30, 12),
(31, 'VIAS REGIONALES', 'MEJORA LA MOVILIDAD VIAL DEL TERRITORIO A TRAVÉS DE LA ARTICULACIÓN REGIONAL, IMPULSANDO LA CONSTRUCCIÓN DE TRONCALES', 31, 12),
(32, 'PLAN MAESTRO DE SERVICIOS PÚBLICOS', 'INCREMENTAR AL 2015 LA POBLACIÓN BENEFICIADA CON SERVICIOS PÚBLICOS', 32, 13),
(33, 'TRATAMIENTO DE RESIDUOS SOLIDOS', 'MEJORAR LA GESTIÓN INTEGRAL DE RESIDUOS SÓLIDOS, CON EL FIN DE MINIMIZAR LOS RIESGOS DEL MEDIO AMBIENTE Y LA SALUD', 33, 13),
(34, 'PLANEACION', 'ORGANIZAR LOS SISTEMAS DE INFORMACIÓN DE LA ADMINISTRACIÓN MUNICIPAL, MEJORANDO LA ATENCIÓN USUARIO', 34, 14),
(35, 'ORDENAMIENTO TERRITORIAL', 'DETERMINAR EL TAMAÑO MÁXIMO DE CRECIMIENTO URBANÍSTICO Y POBLACIONAL, ASÍ COMO SUS ÁREAS DE EXPANSIÓN COMERCIAL E INDUSTRIAL', 35, 14),
(36, 'SISTEMA HIDRICO', 'PRESERVAR EL SISTEMA HÍDRICO MUNICIPAL, A TRAVÉS DE LA RECUPERACIÓN Y CONSERVACIÓN DE LA ESTRUCTURA ECOLÓGICA PRINCIPAL, COMPRENDIDA POR LOS RÍOS FRÍO Y BOGOTÁ', 36, 15),
(37, 'SISTEMA FORESTAL', 'AUMENTAR LA COBERTURA VEGETAL DEL MUNICIPIO, PRESERVANDO LA BIODIVERSIDAD Y PROCURANDO LA PROTECCIÓN DE LA FLORA Y LA FAUNA', 37, 15),
(38, 'MANEJO AMBIENTAL', 'DISMINUIR LOS FACTORES CONTAMINANTES DEL MUNICIPIO, TANTO EN LO VISUAL, LO AUDITIVO Y DE EMISIONES, CONTRARRESTANDO LOS EFECTOS NOCIVOS EN LA POBLACIÓN', 38, 15),
(39, 'DESARROLLO EMPRESARIAL', 'PROMOVER LA CALIDAD DE VIDA DE LOS CIUDADANOS DE NUESTRO MUNICIPIO, BRINDANDO HERRAMIENTAS DE CAPACITACIÓN A MIPYMES, CRÉDITO A PROYECTOS PRODUCTIVOS Y AUMENTO EN LAS OFERTAS LABORALES MEDIANTE CONVOCATORIAS Y FERIAS, CON EL FIN DE MEJORAR SUS NIVELES DE INGRESOS', 39, 16),
(40, 'TRANSFERENCIA DE TECNOLOGIA Y BUENAS PRACTICAS', 'REALIZAR ACTIVIDADES PARA EL FORTALECIMIENTO DEL SECTOR PECUARIO Y EL APOYO A LOS PEQUEÑOS Y MEDIANOS PRODUCTORES PECUARIOS DEL MUNICIPIO DE CHÍA', 40, 16),
(41, 'PROMOCION DEL DESARROLLO TURISTICO', 'CONVERTIR A CHÍA EN UN MUNICIPIO TURÍSTICO E INNOVADOR A NIVEL DEPARTAMENTAL, NACIONAL E INTERNACIONAL, BRINDANDO VARIEDAD DE ALTERNATIVAS EN ATRACTIVOS TURÍSTICOS DIGNOS DE MOSTRAR CON CALIDAD EN SUS SERVICIOS', 41, 17),
(42, 'ECOPRODUCCION', 'INCREMENTAR LA ACTIVIDAD AGRÍCOLA MEDIANTE EL APOYO Y ACOMPAÑAMIENTO A PEQUEÑOS Y MEDIANOS PRODUCTORES, INCENTIVANDO Y CONSERVANDO ESTA ACTIVIDAD', 42, 17);

-- --------------------------------------------------------

--
-- Estructura de tabla para la tabla `tbsector`
--

CREATE TABLE IF NOT EXISTS `tbsector` (
`idtbsector` int(11) NOT NULL,
  `nomsec` varchar(50) NOT NULL,
  `codsec` int(11) NOT NULL,
  `ideje` int(11) NOT NULL
) ENGINE=InnoDB AUTO_INCREMENT=18 DEFAULT CHARSET=utf8mb4;

--
-- Volcado de datos para la tabla `tbsector`
--

INSERT INTO `tbsector` (`idtbsector`, `nomsec`, `codsec`, `ideje`) VALUES
(1, 'SALUD', 1, 1),
(2, 'EDUCACIÓN', 2, 1),
(3, 'BIENESTAR SOCIAL', 3, 1),
(4, 'VIVIENDA', 4, 1),
(5, 'CULTURA', 5, 1),
(6, 'DEPORTE', 6, 1),
(7, 'SEGURIDAD Y CONVIVENCIA CIUADADANA', 7, 2),
(8, 'GESTION FISCAL', 8, 3),
(9, 'FORTALECIMIENTO INSTITUCIONAL', 9, 3),
(10, 'GOBERNABILIDAD Y PARTICIPACION', 10, 3),
(11, 'MOVILIDAD', 11, 4),
(12, 'INFRAESTRUCTURA Y EQUIPAMIENTO MUNICIPAL', 12, 4),
(13, 'AGUA POTABLE Y SANEAMIENTO BASICO', 13, 4),
(14, 'PLANEACIÓN Y ORDENAMIENTO', 14, 5),
(15, 'MEDIO AMBIENTE', 15, 5),
(16, 'COMPETITIVIDAD', 16, 5),
(17, 'PRODUCTIVIDAD', 17, 5);

-- --------------------------------------------------------

--
-- Estructura de tabla para la tabla `tbusuario`
--

CREATE TABLE IF NOT EXISTS `tbusuario` (
  `documento` varchar(10) NOT NULL,
  `nombre` varchar(50) NOT NULL,
  `email` varchar(50) NOT NULL,
  `pass` varchar(255) NOT NULL,
  `foto` varchar(255) NOT NULL,
  `perfil` int(11) NOT NULL
) ENGINE=InnoDB DEFAULT CHARSET=utf8mb4 COMMENT='Tabla para guardar los usuarios del sistema';

--
-- Volcado de datos para la tabla `tbusuario`
--

INSERT INTO `tbusuario` (`documento`, `nombre`, `email`, `pass`, `foto`, `perfil`) VALUES
('1072661319', 'Wilmer Triana', 'fabiantriana1072@gmail.com', 'e85076d6c18e4293df92fe459131dc4ee823b62d', 'fotos/Foto40.jpg', 1),
('35476832', 'Luz Elena Chavez', 'seguimientopdmchia@gmail.com', 'b0d34d056fb185dacd138324b330f7cb14a3ed3b', 'fotos/luzelena.jpg', 1);

--
-- Índices para tablas volcadas
--

--
-- Indices de la tabla `tbeje`
--
ALTER TABLE `tbeje`
 ADD PRIMARY KEY (`idtbeje`);

--
-- Indices de la tabla `tbperfil`
--
ALTER TABLE `tbperfil`
 ADD PRIMARY KEY (`idperfil`);

--
-- Indices de la tabla `tbprograma`
--
ALTER TABLE `tbprograma`
 ADD PRIMARY KEY (`idtbprograma`), ADD KEY `sector` (`sector`);

--
-- Indices de la tabla `tbsector`
--
ALTER TABLE `tbsector`
 ADD PRIMARY KEY (`idtbsector`), ADD KEY `ideje` (`ideje`);

--
-- Indices de la tabla `tbusuario`
--
ALTER TABLE `tbusuario`
 ADD PRIMARY KEY (`documento`), ADD KEY `perfil` (`perfil`);

--
-- AUTO_INCREMENT de las tablas volcadas
--

--
-- AUTO_INCREMENT de la tabla `tbeje`
--
ALTER TABLE `tbeje`
MODIFY `idtbeje` int(11) NOT NULL AUTO_INCREMENT,AUTO_INCREMENT=6;
--
-- AUTO_INCREMENT de la tabla `tbperfil`
--
ALTER TABLE `tbperfil`
MODIFY `idperfil` int(11) NOT NULL AUTO_INCREMENT,AUTO_INCREMENT=3;
--
-- AUTO_INCREMENT de la tabla `tbprograma`
--
ALTER TABLE `tbprograma`
MODIFY `idtbprograma` int(11) NOT NULL AUTO_INCREMENT,AUTO_INCREMENT=43;
--
-- AUTO_INCREMENT de la tabla `tbsector`
--
ALTER TABLE `tbsector`
MODIFY `idtbsector` int(11) NOT NULL AUTO_INCREMENT,AUTO_INCREMENT=18;
--
-- Restricciones para tablas volcadas
--

--
-- Filtros para la tabla `tbprograma`
--
ALTER TABLE `tbprograma`
ADD CONSTRAINT `tbprograma_ibfk_1` FOREIGN KEY (`sector`) REFERENCES `tbsector` (`idtbsector`) ON UPDATE CASCADE;

--
-- Filtros para la tabla `tbsector`
--
ALTER TABLE `tbsector`
ADD CONSTRAINT `tbsector_ibfk_1` FOREIGN KEY (`ideje`) REFERENCES `tbeje` (`idtbeje`) ON UPDATE CASCADE;

--
-- Filtros para la tabla `tbusuario`
--
ALTER TABLE `tbusuario`
ADD CONSTRAINT `tbusuario_ibfk_1` FOREIGN KEY (`perfil`) REFERENCES `tbperfil` (`idperfil`) ON UPDATE CASCADE;

/*!40101 SET CHARACTER_SET_CLIENT=@OLD_CHARACTER_SET_CLIENT */;
/*!40101 SET CHARACTER_SET_RESULTS=@OLD_CHARACTER_SET_RESULTS */;
/*!40101 SET COLLATION_CONNECTION=@OLD_COLLATION_CONNECTION */;
